Feature,P_Value,Best_Lag,Selected
Fruits,5.128444619838571e-06,7,Yes
Breakfast,0.0004708876284253683,7,Yes
Eggs,0.0005555205341244465,7,Yes
Beverages,0.03114502647605434,7,Yes
Vegetables,0.10053049397567333,4,No
Meat,0.26794195655721087,7,No
