Feature,P_Value,Best_Lag,Selected,Importance
Sales_MA7,5.197531306713071e-12,1,Yes,99.99999999948025
Profit_MA7,9.73446749127955e-12,1,Yes,99.99999999902656
Order_Count,0.003920952371535356,1,Yes,99.60790476284646
Profit,0.009912562143658191,1,Yes,99.00874378563418
Discount_MA7,0.026799620792486805,10,Yes,97.32003792075132
Discount,0.24760021194114326,6,No,75.23997880588567
