Category,Avg_Growth_Rate_%
Fruits,24.564637025294417
Beverages,19.62476446411951
Eggs,19.607520163696616
Breakfast,19.566347961802645
Meat,16.00556535527581
Vegetables,15.435183188709937
Dairy,12.80120219122911
