Model,MAE,RMSE,R² Score,Accuracy (%),R² Accuracy (%)
Random Forest,193.48147311981884,256.43708415012884,0.803422640300241,87.00498527586828,80.3422640300241
XGBoost,44.16951605533931,69.88650333176028,0.9853998115643278,97.03339290195785,98.53998115643277
CatBoost,28.82517218149004,45.348884051029195,0.9938524078654013,98.0639824016012,99.38524078654012
Ensemble,77.25425312765903,109.13121997663258,0.964398372001483,94.81128533544904,96.4398372001483
